선발투수,WAR,FIP,K%,BB%
강건우,-0.21,6.92,14.9,16.4
고영표,4.97,2.98,25.9,3.2
곽빈,6.16,2.54,30.4,6.0
구창모,2.16,4.23,19.0,6.9
긴지로,-0.44,7.92,22.2,17.3
김건우,-0.52,5.51,19.2,11.9
김민준,1.99,4.1,20.2,10.1
김백산,0.13,6.94,15.4,16.9
김성진,0.06,4.01,16.0,8.3
김연주,,,,
김윤식,-0.2,5.68,12.1,16.4
김윤하,-0.23,6.99,19.0,6.3
김준원,-0.28,5.66,24.0,16.0
김진수,0.63,4.8,14.1,8.9
김진욱,1.63,4.51,19.3,8.3
김태경,-0.19,5.39,18.5,12.2
김태균,,,,
김태형,0.07,5.28,14.3,9.6
김한결,,,,
나균안,2.45,4.14,19.7,6.6
네일,4.69,3.4,20.5,5.0
대니엘,2.24,2.33,30.3,7.9
라일리,4.23,3.39,30.6,6.6
로건,1.89,4.03,20.5,6.7
로드리게스,2.66,4.06,26.8,8.1
로젠버그,0.5,3.31,23.4,7.3
류현진,2.86,3.11,20.5,3.6
목지훈,-0.24,9.77,13.6,18.2
문동주,0.08,5.13,16.4,10.0
문용익,0.0,,0.0,50.0
박세웅,1.82,3.96,19.4,7.9
박시원,0.81,3.5,18.8,8.3
박신지,-0.05,5.1,19.3,10.7
박정훈,0.11,4.58,16.7,13.1
박준영,-0.17,5.62,19.9,13.0
박준현,0.34,4.71,21.2,17.8
배동현,0.14,3.93,17.3,6.0
배제성,1.89,3.88,19.9,11.9
백승건,0.0,4.35,14.9,17.0
버하겐,0.39,3.84,22.0,10.1
베니지아노,-0.22,5.4,18.3,8.6
벤자민,4.58,2.67,25.9,6.8
보쉴리,1.95,2.88,20.9,5.6
보스,0.63,2.48,27.6,5.2
비슬리,2.27,3.45,24.1,6.7
사우어,1.04,4.75,15.6,9.9
사토시,-0.1,7.04,12.3,7.4
소형준,3.45,3.29,18.7,4.4
송명기,0.04,6.16,20.9,9.8
송승기,0.23,4.76,16.9,7.2
스기모토,-0.22,4.14,20.8,8.2
시라카와,0.83,4.75,19.1,12.4
신민혁,0.09,5.86,11.2,8.6
신영우,0.54,5.12,31.0,27.0
아빌라,4.41,2.39,25.5,7.4
안우진,2.89,3.05,27.3,8.1
알칸타라,3.33,3.58,21.5,3.0
양창섭,1.02,4.63,17.3,8.3
양현종,1.14,4.93,15.3,10.6
에르난데스,0.63,4.68,15.3,8.8
오러클린,1.06,4.15,22.1,10.4
오석주,0.1,4.41,15.3,15.3
오원석,0.85,3.72,21.2,7.4
올러,4.82,3.41,25.2,8.6
와일스,0.15,3.88,15.4,2.6
왕옌청,1.57,4.6,16.9,9.8
원종해,-0.17,5.83,10.6,10.6
원태인,3.1,3.07,18.5,5.4
웰스,1.23,4.3,20.2,7.3
이기순,-0.18,6.61,13.8,22.4
이로운,0.59,4.07,21.6,9.8
이민석,0.07,4.82,15.7,12.8
이상규,0.09,4.31,16.2,8.9
이상영,,,,
이승현,-0.01,4.66,18.9,11.3
이영하,2.3,2.98,30.2,12.0
이의리,-0.86,6.92,22.0,18.6
이재학,-0.21,6.62,16.0,12.3
이정용,-0.3,4.82,9.8,9.3
이준기,0.01,4.79,20.0,13.3
임찬규,2.58,3.93,14.0,5.7
장찬희,0.76,5.3,17.0,8.7
장현식,1.03,4.04,17.0,7.4
잭로그,2.13,4.05,19.3,4.2
전영준,-0.45,5.76,25.8,12.5
전준표,0.1,5.72,11.9,14.7
정세영,-0.47,6.86,5.3,7.9
정우주,-0.2,4.93,22.9,15.1
정현우,-0.08,5.81,14.0,10.5
짐머맨,0.19,4.29,6.3,12.5
최민석,3.14,3.47,20.4,8.5
최민준,0.43,5.36,16.2,10.9
최성영,-0.03,6.64,17.1,2.4
최승용,-0.1,4.69,15.8,8.3
최원태,1.72,4.03,22.0,8.3
최준호,0.01,5.06,24.0,11.5
치리노스,-0.09,4.78,17.1,8.5
카라스코,1.21,3.06,20.1,4.0
쿠싱,0.31,3.52,29.5,6.8
클레빈저,0.28,5.86,21.6,15.7
타카다,1.27,3.86,20.8,10.4
타케다,-0.29,4.41,16.9,10.2
테일러,1.26,4.34,17.9,9.4
토다,0.69,4.8,16.7,8.1
톨허스트,2.8,3.85,18.0,5.2
페덱,2.54,2.75,26.4,3.6
플렉센,-0.11,9.48,11.5,23.1
하영민,1.83,3.72,19.4,7.6
한차현,,,,
함덕주,-0.12,5.18,14.1,9.2
해치,0.01,3.95,20.2,8.0
화이트,2.69,3.47,16.6,5.9
황동하,0.16,5.83,17.0,10.2
황준서,0.04,5.26,21.9,14.6
후라도,3.24,3.84,15.6,4.4
